ViedId	View
1	凯越
2	马自达阿特兹
3	RAV4 荣放
4	途观
5	上汽大众
6	F3
7	花冠
8	双环
9	昂科拉
10	XRV
11	自由光
12	JEEP
13	比亚迪s7
14	s6
15	Q5
16	明锐
17	楼兰
18	汉兰达
19	昂科威
20	锐界
21	迈凯轮
22	劲炫
23	逍客
24	昂克拉
25	途胜
26	ix35
27	广汽三菱
28	朗逸
29	欧蓝德
30	BMW
31	1系
32	丰田卡罗拉
33	空间
34	秀尔
35	比亚迪f3
36	马6
37	GA3
38	捷达
39	桑塔纳
40	长城M4
41	宝来
42	艾瑞泽
43	C4L
44	英朗
45	速腾
46	马自达6
47	锐欧
48	POLO
49	东标
50	长安逸动
51	508
52	帕萨特
53	雅阁
54	宝马E90
55	哈佛H3
56	雪铁龙
57	C2
58	PSA
59	宝马
60	gla
61	二系
62	x1
63	PST
64	520i
65	帝豪
66	奇瑞
67	V2
68	晶锐
69	大宝
70	18i
71	长城汽车
72	X1
73	奥迪
74	比亚迪F0
75	F0
76	铃木
77	君越
78	凯尊
79	小康
80	五菱
81	欧尚
82	ATS
83	ATSL
84	卡曼
85	艾瑞泽7
86	爱丽舍
87	标志301
88	奔驰
89	320i
90	328
91	大众
92	X6
93	X55
94	宝骏560
95	众泰T600
96	福克斯
97	凯美瑞
98	飞度
99	普桑
100	小博
101	翼搏
102	K5
103	BRZ
104	吉普车
105	途锐
106	中华
107	小海
108	海马
109	丰田
110	桑塔纳2000
111	大众朗逸
112	歌诗图
113	3系
114	凌志
115	夏利
116	广汽传祺GS4
117	胜达
118	别克凯越
119	雪铁龙C3-XR
120	X60
121	君威
122	S5
123	五菱小卡
124	克莱斯勒300C
125	奇瑞E5
126	力帆
127	mini
128	风光
129	吉利帝豪EC7
130	五菱荣光
131	伊兰特
132	QQ6
133	QQ613
134	宝马535
135	E300
136	A6L
137	S80
138	5系
139	E系
140	XTS
141	玛莎拉蒂
142	M1
143	宝马7系
144	奔驰S级
145	沃尔沃
146	S40
147	标致
148	天籁
149	智跑
150	五菱之光
151	众泰
152	玛莎
153	保时捷911
154	法拉利
155	countryman
156	玛莎拉蒂GT
157	朗境
158	宝斯通
159	Q3
160	奥拓
161	qq
162	别克英朗
163	小夏
164	中华尊驰
165	艾七
166	宏光
167	宏光S
168	卡罗拉
169	哈弗
170	迷你
171	H3
172	宝典
173	锐骐
174	英朗GT
175	风骏
176	锋驭
177	普力马
178	三菱
179	山猫
180	T200
181	劲畅
182	凌渡
183	森雅
184	酷宝
185	五菱宏光
186	哈弗H6
187	东风日产
188	Lamando
189	上汽通用
190	迈锐宝
191	东风日产天籁
192	大众迈腾
193	迈腾
194	广汽本田
195	荣威
196	上汽新能源
197	速派
198	荣威e950
199	上汽荣威
200	通用
201	甲壳虫
202	凌渡GTS
203	别克未来
204	雪佛兰
205	别克
206	大众桑塔纳
207	长安
208	长安汽车
209	上汽通用五菱
210	长安CS75
211	长安CS35
212	逸动
213	致尚
215	CS75
216	CS95
217	CS15
218	悦翔V7
219	CS35
220	睿骋CC
221	V50
222	比亚迪
223	克莱斯勒
224	福特
225	东风标致308
226	308
228	奔弛
229	阿特兹
230	奇瑞风云2
231	帝豪GS
232	奔驰迈巴赫
233	上汽通用别克
234	斯柯达
235	瑞麒
236	三菱蓝瑟
237	本田XRV
238	丰田锐志
239	现代索那塔
240	斯柯达昊锐
241	三菱劲炫
242	DS 4S
243	威朗
244	GS4
245	广汽传祺
246	本田
247	迈腾B8
248	东风本田
249	思域
250	XR-V
251	缤智
252	朗动
253	领动
254	名图
255	CR-V
256	轩逸
257	福睿斯
258	雷凌
259	帝豪EC7
260	蒙迪欧
261	奥迪A4L
262	本田杰德
263	LAVIDA朗逸
264	锋锐
265	斯柯达昕动
267	三飞
268	标标301
269	北京现代悦动
270	MG5
271	A7
272	RS5
273	起亚
274	A3
275	320Li
276	a3
277	a4L
278	c7A6L
279	宝马5系
280	宝马3系
281	凯迪拉克
282	v6
283	a6L
284	长城
285	宝马730
286	奔驰S320
287	奥迪A6
288	K4
289	明图
290	408
291	尼桑
292	五菱之光S
293	吉利
294	普拉多
295	陆风X8
296	X8
297	林肯
298	XRT
299	标致301
300	k50宏光
301	360
302	750
303	荣达
304	鸿达
305	海马M8
306	海马福仕达
307	马六
308	雅致
309	阳光
310	GX7
311	迈瑞宝
312	X5
313	GLE
314	M4
315	威霆
316	奥迪a5
317	颐达cvt
318	瑞翼
319	瑞纳
320	北京现代
321	宏光S1
322	东风S500
323	金杯750
324	风光360
325	370
326	f0
327	V5
328	宝骏630
329	中华H530
330	盛瑞传动
331	L3
332	小3
333	上汽
334	齐骏
335	郑州日产
336	现代
337	风骏6
338	起亚智跑
339	A5
340	C3R
341	bmw
342	benz
343	t5
344	MINI
345	捷豹xe
346	马8
347	小C
348	QQ
349	FO
350	奔奔
351	赛欧
352	F2
353	悦悦
354	奇瑞QQ
355	长安奔奔
356	比亚迪F０
357	五菱乐驰
358	rav4
359	指南者
360	四眼
361	高尔夫
362	昂科塞拉
363	小昂
364	北斗星
365	320
366	江淮瑞风S3
367	中华V3
369	依维柯
370	凌派
371	酷路泽
372	一汽丰田
373	VX
374	发现
375	大切
376	Q7
377	奥迪Quattro
378	普瑞维亚
379	阿尔法
380	日产
381	知豆
382	吉普
383	BYD
384	马自达
385	glk
386	奥迪Q5
387	奔驰glk
388	奥迪Q
389	328gt
390	x3
391	极光
392	polo
393	宝马320i
394	威驰
395	启辰
396	俊风t26
397	柳机五菱
398	标志
399	雷诺
400	绅宝X55
401	C50
402	A260
403	A45 AMG
404	A180
405	悦动
406	图图
407	赛拉图
408	207
409	Z4
410	昂克威
411	凯旋
412	东风
413	小旋风
414	帕萨特领驭
415	GS5
416	IX35
417	尚酷
418	域虎
419	虎子
420	驭胜
421	江铃皮卡
422	小5
423	世嘉
424	FD2
425	9代思域
426	观致
427	上汽大众凌渡
428	途安
429	斯柯达速派
430	上海大众
431	大众速派
432	斯柯达速尊
433	一汽-大众
434	昊锐
435	Lamando凌渡
436	索纳塔八
437	C5
438	上海大众朗逸
439	大众辉昂
440	上汽大众辉昂
441	逸动xt
442	昕动
443	致炫
444	锋范
445	斯柯达晶锐
446	大众途观
447	Jetta
448	凌度GTS
449	上海大众斯柯达
450	朗行
451	Tiguan途观
452	科鲁兹
453	Gran Lavida
454	Tiguan
455	辉昂
456	一汽-大众旗
457	PHIDEON
458	科鲁兹XL
459	昂克赛拉
460	凌度
461	昕锐
462	江铃
463	雷克萨斯
464	捷豹
465	科帕奇
466	奔腾
467	雨燕
468	铁岭远众
469	路虎
470	斯柯达Kodiaq
471	宝马760
472	Yeti
473	斯柯达Yeti
474	辉腾
475	宝骏730
476	长安欧尚
477	雪佛兰科鲁兹
478	一汽大众迈腾
479	长安大众
480	上海大众polo
481	一汽大众宝来
482	PHIDEON辉昂
483	Cross Santana
484	大众polo
485	比亚迪f0
486	铃木吉姆尼
487	东风标致
488	广汽丰田雷凌
489	睿翼
490	一汽马自达
491	牧马人
492	三菱帕杰罗
493	丰田RAV4
494	RAV4
495	Octavia明锐
496	一汽大众
497	Cross  Polo
498	Cross Polo
499	Cross   Lavida
500	Cross  Lavida
501	Cross Lavida
504	别克昂科威
505	劳斯莱斯
506	炫酷
507	CrossPolo
508	斯柯达KODIAQ
509	斯柯达明锐
510	高6
511	奥迪Q7
512	桑塔纳MPV
513	大众B8蔚揽
514	330御尊
516	B8PASSAT VARINAT
517	蔚揽
518	迈旅
519	PASSAT
520	帕萨特御尊
521	Passat
522	富康
523	Octavia RS
524	F40
525	福特GT
526	宾利
527	标志408
528	凯迪拉克ATS-L
529	Buick凯越
530	OctaviaRS
531	布加迪威龙
532	大众晶锐
533	330
534	Polo
535	斯柯达昕锐
536	凯迪拉克ATS-L-28T
537	东风标致301
538	大众POLO
539	嘉年华
540	大众朗行
541	凌渡230
542	明锐RS
543	上汽大众斯柯达
544	大众Polo
545	大众PHIDEON辉昂
546	领驭
547	BJ
548	大众凌渡
549	夏利n3
550	T-Cross
551	大众T-Cross
552	奥迪Q2
553	Polo GTI
554	Polo GTI
555	英菲尼迪
556	桑塔纳LS
557	斯巴鲁翼豹
558	众泰Z700
559	众泰LP700
560	路虎发现
561	英菲尼迪Q50L
562	奔驰G
563	帕杰罗
564	途乐
565	QX80
566	巡洋舰
567	发现4
568	铃木速翼特
569	雷克萨斯CT200h
570	揽胜
571	华晨宝马
572	华晨宝马5系
573	H9
574	帕特
575	PHIDEON 辉昂
576	大众宝来
577	Corss Polo
578	CorssPolo
579	上汽大众朗逸
580	浩纳
581	桑塔纳浩纳
582	Lavida朗逸
583	标致307
584	荣威e550
585	途安L
586	日产颐达
587	颐达
588	高尔夫7
589	奥迪RS
590	高尔夫7R
591	奥迪S3
592	大众凌度
593	NEW POLO
594	New Polo
595	大众汽车
596	斯巴鲁
597	Cross Polo
598	斯柯达Fabia
599	迈腾330
600	Lanamdo 凌渡
602	Golf
603	翼虎
604	大众帕萨特
605	上海大众POLO
606	西雅特
607	桑塔纳·浩纳
608	Cross桑塔纳
610	森林人
611	力狮
612	CC
613	铃木启悦
614	昕悦
615	启悦
616	起亚K5
617	POLO R WRC
618	Polo R WRC
619	迈锐宝XL
620	大众高尔夫
621	奥迪A6L
622	上海大众New Polo
623	宝马320Li
624	2015 Polo GTi
625	Polo GTi
627	雷凌双擎
630	锐志
631	思铂睿
633	御尊
634	新帕
635	吉利帝豪
636	斯柯达SUPERB
637	比亚迪速锐
638	Ds4s
639	朗型
640	马三
641	福特蒙迪欧
642	ix25
643	骐达
644	smart
645	长安标致雪铁龙
646	东风雪铁龙
647	c3xr
648	xrv
649	哈佛
650	宝马M4
651	丰田雷凌
652	POLOGTI
653	k5
654	高尔夫GTI
655	奥迪A3
656	奇骏
658	Superb
659	奥迪A4
660	斯巴鲁傲虎
661	沃尔沃V60
662	丰田汉兰达
663	福特锐界
664	本田CR-V
665	福特翼虎
666	科鲁玆
667	帕萨特B1
668	保时捷
669	兰博基尼
670	奥迪A5
671	猎豹黑金刚
672	黑金刚
673	高尔夫6
675	朗镜
676	哥瑞
677	爱唯欧
678	瑞风S2
679	风神A60
680	奔腾B30
682	新锐
683	一虎
684	GLA
685	3008
686	DS6
687	起亚K53
688	passt
689	奥迪A47
690	奔驰GLA
691	博瑞
692	索纳塔
693	CX-4
694	众泰T700
695	卡宴
696	RS1
697	嘉年华ST
698	丰田霸道
701	大众途安
702	荣放
703	长城哈弗H6
704	金牛座
705	国光
706	桑塔拉
707	博越
708	东风A9
709	奥德赛
710	KODIAQ
711	绅宝
712	rx5
713	大众CC
714	骏派A70
715	荣威eRX5
716	TIGGOTX
717	M50F
718	X30
719	传祺
720	C6
721	XF L
722	60H
723	S90 T6
724	飒凯
725	讴歌NSX
726	奔驰GLS 350 d 4MATIC
727	之诺60H
728	东风雪铁龙C6
729	风神旗舰车A9
730	一汽
731	迈迈
732	大迈
733	奥迪 A6L
734	荣威 360
735	上汽大众斯柯达速派
736	RAV4荣放
737	一汽丰田RAV4
738	丰田rav4
739	本田crv
740	本田CRV
741	瑞奕
742	RX5
743	宝骏
744	上汽通用汽车别克
745	别克高尔夫
746	现代朗动
747	考斯特
748	莲花
749	皇冠
750	曲特
751	一汽大众Q5
752	Lacetti
753	别克威朗
754	雪佛兰科沃兹
755	传其
756	北汽
757	高七
758	国产自由光
759	特斯拉
760	腾势
761	荣威E50
762	比亚迪E6
763	启辰晨风
764	吉利帝豪EV
765	逸动EV
766	江淮iEV5
767	江淮iEV4
768	北汽EV200
769	长安逸动EV
770	长途
771	西亚特
772	霍顿
773	马自达CX5
774	哈佛H6
775	锐腾
776	CRV
777	传奇GS4
778	RV4
779	驰鹏
780	荣威RX5
781	荣威360
782	宝沃BX7
783	众泰x7
784	传奇
785	远景
786	帝豪GL
788	红旗
789	伏尔加
790	奔腾B50
791	奔腾b50
793	宝马3
794	C奔
795	欧宝雅特
797	740四驱
798	标致505
799	欧宝车
800	Volkswagen
801	EA211
802	陆风
803	A4
804	小7
805	标致408
806	标致308
807	标致雪铁龙
808	H6
809	沃尔沃S60L
810	东风日产新天籁
812	凯越HRV
813	GLK260
814	撼路者
815	MGRover
816	帕萨特B6
817	FutureB6
818	Magotan迈腾
819	B6
820	B7
821	迈腾B7L
823	东风风神AX3
824	东风风神
825	suv
826	本田轿车
827	现代名图
828	本田凌派
829	丰田致炫
830	宾利欧路GTC
831	阿斯顿马丁
832	奔驰SLK350
833	保时捷卡宴turboS
834	长安之星
835	广本
836	东南DX7
837	宝马i3
838	宝马i8
839	越级风尚两厢车昕动
840	保时捷CayenneTurboS
841	卡宴S
842	PanameraTurboS
843	奥迪RS5
844	R8
845	RS6
846	奥迪RS6Avant
847	奥迪R8V10CoupePerformance
848	奥迪R8
849	奥迪RSQ5
850	奥迪RS3
851	摩根4-4
852	温莎
853	雪铁龙11CV
854	福特A型
855	保时捷356A费迪南
856	沃尔沃PV544
857	宝马321
858	兰博基尼Diablo
859	法拉利575M
860	宝马740
861	M30
863	君越20T
864	6代高尔夫
865	第七代高尔夫
866	第7代高尔夫
867	哈弗H3
868	2030A
869	雪铁龙c4世嘉
870	c4世嘉
871	马自达CX-4
872	创驰蓝天
873	地球梦
880	塞拉图
881	卡迪拉克
883	传祺轿车GA6
884	K3
885	GA6
886	讴歌
887	大众辉腾
888	Quantum
889	德国大众
890	江淮
891	大众车
892	风行S500
894	速腾阿兰
895	高尔夫阿兰
896	雪佛兰迈锐宝
897	奔驰C级
898	菲亚特
899	韩系车K4
900	长安马自达昂科塞拉
901	斯柯达Rapid Spaceback
902	艾瑞泽5
903	威朗GS
904	Q50L
905	宝马520
906	马自达CX-5
907	斯柯达 KODIAQ
908	CX-5
909	马自达CX-6
910	神龙富康
911	C4世嘉
912	Jeep
913	日产轩逸
914	别克·凯越
915	上汽斯柯达
916	帕沙特
917	雪佛来
918	上汽大众途观
919	东风本田CR-V
920	骏马 2008
921	川汽野马
922	雪铁龙C5
923	宝来C-TREK
924	沃尔沃XC60
925	双龙爱腾
926	日产奇骏
927	Jeep自由光
928	比亚迪F8
929	MG-TF
930	众泰大迈X5
931	308S
932	标致ONYX
933	金杯
934	X80
935	ATS-L
936	C级
937	雷诺科雷嘉
938	广汽菲亚特
939	菲翔
940	上汽大众凌渡GTS
941	北京奔驰
942	E级
943	Model S
944	奥迪A2
945	奥迪A8
946	吉利远景
947	DS
948	东风悦达起亚
949	戴姆勒
950	红旗CA770
951	格斯69
952	北京吉普
953	道奇公羊
954	北京现代领动
955	拉达
956	CH125 Spacy
957	本田 CH125 Spacy
958	Integra
959	GL8
960	保时捷Panamera
961	宝马X6
962	路虎揽胜
963	A60
964	MX-5
965	手动品悠
966	手动品雅
967	XC90
968	奔驰E级
969	众泰SR7
970	布加迪EBl6
971	沃尔沃S40
972	EVO
973	长安沃尔沃S40
974	California
975	法拉利California
976	保时捷956
977	宝马Z435i
978	大众尚酷
979	野马
980	奥迪TT
981	保时捷Boxter
982	B30
983	B50
984	B70
985	B90
986	大众甲克虫
987	saab绅宝
988	一汽奥迪
989	一汽马自达阿特兹
990	翼豹
991	傲虎
992	广汽丰田致炫
993	本田飞度
994	GK5
995	奔驰S600
996	劳斯莱斯幻影
997	宾利欧陆GT
998	FCV
999	Ioniq
1000	格锐
1001	捷恩斯
1002	Model X
1003	Model 3
1004	Urus
1005	奥迪Q3
1006	三菱欧蓝德
1007	大众凌渡GTS
1008	凯迪拉克CT6
1009	广汽传祺GA3S
1010	大迈X5
1011	长安cs15
1012	北汽幻速S3L
1013	斯威X7
1014	速腾GLI
1015	GLI
1016	哈弗H7
1017	黑桑
1018	北汽威旺S50
1019	路虎发现神行
1020	菲亚特500
1021	丰田普拉多
1022	帕杰罗·劲畅
1023	宝马X1
1024	马自达昂克赛拉
1025	沃尔沃360
1026	现代265LC-7
1027	凌渡Lamando
1028	本田思域
1029	福特福克斯
1030	大迈 X5
1031	产奥迪A6L
1032	东风雪铁龙C4世嘉
1033	科雷嘉
1034	东风雷诺科雷嘉
1035	陆风 X7
1036	大众新途观
1037	宝马 X5
1038	力帆 320
1039	双环 SCEO
1040	比亚迪K9
1041	雪铁龙爱丽舍
1042	猎豹CS10
1043	广汽讴歌
1044	唐
1045	比亚迪秦
1046	夏朗
1047	双环S-RV
1048	天津一汽骏派A70
1049	上汽荣威eRX5
1050	奇瑞TIGGOTX
1051	北汽M50F
1052	华晨X30
1053	沃尔沃S90
1054	一汽大众捷达
1055	320li:
1056	别克凯越HRV
1057	凯越旅行车
1058	比亚迪S7
1059	北京现代ix35
1060	卡罗拉GL-i
1061	福美来
1062	大众捷达
1063	科尼赛格
1064	一气大众
1065	福特福睿斯
1066	大众速腾
1067	加长悍马
1068	五菱宝骏
1069	大众新桑塔纳
1070	比亚迪宋
1071	福克斯RS
1072	高尔夫R
1073	大众高尔夫7
1074	奔驰A180
1075	科迈罗
1076	别克君越
1077	东风标致3008
1078	奥德
1079	北汽幻速S6
1080	东南
1081	华晨
1082	名爵
1083	一汽奔腾
1084	ES240
1085	东风悦达
1087	丰田皇冠
1088	日产公爵
1089	悦翔
1090	CX70
1091	欧诺
1092	欧力威
1094	瑞虎
1095	丰田Hilux SW4
1096	斯巴鲁森林人
1097	三菱TR4
1098	H7
1099	Econoline皮卡
1100	保时捷卡宴
1101	大众途锐
1102	保时捷PanameraSHybrid
1103	大众ESP
1104	本田VSA
1105	丰田VSC
1107	大众DQ250
1108	日产GT-R
1109	福特Powershift
1110	宝马M3
1111	法拉利458Italia
1112	奔驰SLSAMG
1113	PDK
1114	大众DQ200
1115	东风风神E30
1116	东风风神E30L
1117	东风风神A60
1118	朗逸308
1119	东风标致2008
1120	东风雪铁龙C3-XR
1121	L60
1122	东风风神L60
1123	大众-朗逸
1124	上海桑塔纳
1125	盖世
1126	哈佛神6
1127	五菱神光
1128	大众朗神
1129	捷豹路虎
1130	长安福特
1132	吉利汽车
1133	奇瑞汽车
1134	江淮汽车
1135	北京汽车
1136	广汽乘用车
1137	众泰汽车
1138	北京BJ212吉普
1141	上海通用
1142	桑塔纳 2000
1143	丰田小面包
1144	西耶那
1145	日产蓝鸟 U13
1146	吉利豪情
1147	克尔维特
1148	别克荣御
1149	林荫大道
1150	大宇 Lacetti
1151	雪弗兰
1152	布加迪
1154	斯堪尼亚
1157	波罗
1158	丰田汽车
1159	赛昂
1160	日野
1161	大发
1163	GTI
1165	MINI COUNTRYMAN
1167	丰田花冠
1168	沃尔沃XC90
1169	马丁
1170	phaeton
1171	chaise
1173	梅赛德斯-奔驰
1174	荣威950
1179	三菱MIVEC
1185	东本思域
1186	猎豹
1187	斯柯达-Yeti
1188	大众斯柯达昕动
1189	英菲尼迪ESQ
1190	斯柯达野帝
1191	长安CS15
1192	比亚迪元
1193	野帝
1194	宝马5
1195	标致3008
1196	大众斯柯达野帝
1197	标致2008
1198	MGGS
1199	辉道
1200	斯柯达 Yeti
1201	通用别克 昂科拉
1202	别克昂科拉
1203	卡缤
1206	斯柯达VisionS
1207	蓝瑟Evolution
1208	奥迪100
1209	迈巴赫
1210	奥迪RS6
1211	XDX
1213	桑塔纳·浩纳。
1214	斯科达速派
1215	SUPERB速派
1216	斯柯达OCTAVIA COMBI明锐
1217	Phideon
1218	帕萨特B8
1219	PQ46
1220	Passat帕萨特
1221	帕萨特B5
1222	帕萨特R
1223	PoloR
1224	Lavida
1225	斯柯达野帝2
1226	Yeti 2
1227	上海大众朗行
1228	大众斯柯达
1230	斯柯达速派Combi
1231	上海大众凌渡
1232	大众凌渡GTI
1233	盖世汽车
1234	VW
1235	奥迪RS1
1236	MINI JCW
1237	风神H30
1238	东风风神H30
1239	CROSS
1240	东风日产骊威
1241	上汽大众-朗逸
1242	伊比飒
1243	PoloGTI
1244	兰博基尼Aventador
1245	大众PoloGTi
1246	GTi
1247	Golf GTI
1248	途安Ｌ
1249	NEWPOLO
1250	NewPolo
1252	克莱斯勒300c
1256	Cross polo
1257	SUPERB
1258	吉利博越
1259	大众波罗
1260	上汽大众Lamando凌渡
1261	东风雪铁龙爱丽舍
1262	别克昂科雷
1263	别克昂克雷
1264	保时捷凯宴
1265	上海通用别克
1266	别克君威GS
1267	保时捷panamera4S
1268	北京汽车绅宝D50
1269	北京现代朗动
1270	北京汽车E系列
1271	北汽新能源EV200
1272	一汽奥迪Q3
1273	奔驰GLC
1274	北汽威旺
1275	北京汽车威旺205
1276	一汽奥迪q3
1277	北京汽车B40
1278	雪佛兰乐驰
1279	宝马x3
1280	北汽威旺m20
1281	smart fortwo
1282	埃尔法
1283	宝马x1
1284	标致207
1286	华晨宝马525
1287	北京北汽银翔
1288	本田哥瑞
1289	宝马116
1290	北汽幻速H2E
1291	北汽幻速H2
1292	北汽幻速h2
1293	北汽幻速
1294	奥迪进口Q5
1295	广汽本田缤智
1296	别克JL8
1297	东风标致408
1298	本田XR-V
1299	东风标致207
1300	昌河北斗星
1301	昌河铃木
1302	北汽幻速s6
1303	东风标致206
1304	A8L
1305	奥迪a8L
1306	北京奔驰C级
1307	宝马118
1308	进口标致
1309	北京E级奔驰
1310	北京D20
1311	长安悦翔
1312	长安星卡
1313	长安金牛星
1314	长安汽车悦翔
1315	ds5
1316	长安谛艾仕
1317	北京奔驰E260L
1318	东风风度MX6
1319	东风风度
1320	北汽幻速S2
1321	哈弗m2
1322	梅赛德斯奔驰A180
1323	比亚迪m6
1324	m6
1325	北京汽车绅宝
1326	长安新奔奔
1327	长安杰勋
1328	东南汽车
1329	郑州日产金俊风
1330	北京奔驰E260
1331	郑州日产俊风
1332	绅宝d50
1333	长安星光4500
1334	E260
1335	长城汽车风骏6
1336	东风风神A6O
1337	长安欧力威
1338	进口大众尚酷
1340	上海大众朗境
1341	上海大众国5
1343	进口大众辉腾
1344	进口大众
1345	进口大众高尔夫
1346	进口大众迈腾
1347	大众夏朗
1348	猎豹飞腾
1349	路虎揽胜极光
1350	铃木利亚纳
1351	揽胜极光
1352	路虎极光
1353	锐虎
1354	铃木北斗星
1355	路虎进口神行者2
1356	路虎神行者2
1357	长安铃木羚羊
1358	长安铃木
1359	铃木天语
1360	长安铃木启悦
1361	雷丁
1362	江铃陆风
1363	陆风Ｘ５
1364	陆风x8
1365	雷诺泰诺
1366	雷傲
1367	雷诺科雷傲
1368	雷诺风朗
1369	东莞合宝
1370	宝马MINI
1371	MG锐腾
1372	玛莎拉蒂总裁
1373	上海汽车MG7
1374	长安马自达
1375	马自达韩泰
1376	纳智捷
1377	东风裕隆
1378	通用欧宝
1379	欧宝安德拉
1380	欧宝
1381	东风日产启辰D50
1382	东风日产启辰
1383	启辰R50
1384	东风日产嘉兴之远
1385	启辰r50
1386	日产启辰
1387	起亚锐欧
1388	华骏
1389	东风瑞达起亚千里马
1390	东风瑞达起亚锐欧
1391	双龙
1392	双龙柯兰多
1393	柯兰多
1394	斯巴鲁ＸＶ
1395	斯巴鲁力狮
1396	五十铃
1397	上海大众昕动
1398	宝骏310
1400	北京现代胜达
1401	S60L
1402	雪佛兰乐风
1403	雪弗兰科鲁兹
1404	雪弗兰迈锐宝
1405	雪弗兰创酷
1406	北京现代名图
1407	北京现代IX25
1408	北京现代伊兰特
1410	现代索八
1411	北京现代索纳塔八
1412	北京现代途胜
1413	北京现代索8
1414	北京现代索纳塔领翔
1415	现代索纳塔八
1416	北京现代索纳塔
1417	北京现代索纳塔8
1418	现代悦动
1419	北京现代 索纳塔8
1420	东风雪铁龙世嘉
1421	天津一汽夏利
1422	北京现代IX35
1423	现代ix35
1424	永源
1425	西亚特欧悦搏
1426	一汽吉林V80
1427	北京现代瑞纳
1428	车辆
1429	沃尔沃v40
1430	沃尔沃V40
1431	天津一汽骏派D60
1432	雪铁龙c2
1433	上海通用雪佛兰赛欧
1434	雪弗兰赛欧
1435	一汽吉林佳宝
1436	一汽吉林森雅S80
1437	一汽吉林
1438	森雅S80
1439	中兴
1440	威虎
1441	众泰云100
1443	雪佛兰赛欧
1444	天津一汽
1445	雪铁龙世嘉
1446	夏利N5
1447	东风雪铁龙C4L
1448	知豆ZD-1
1449	众泰朗悦
1450	T600
1451	雪佛兰科帕奇
1452	众泰z500
1453	众泰Z500
1454	众泰众泰T600
1455	雪佛兰创酷
1456	英菲尼迪QX50
1457	纳智捷优6
1459	金牛
1460	保时捷997
1461	长安欧诺
1462	本田锋范
1463	朗 动
1464	朗 逸
1465	科鲁 兹
1466	奔驰ML
1467	凯迪拉克XTS
1468	雷克萨斯ES200
1469	上汽大众斯柯达晶锐
1470	RAV4汉兰达
1471	golf
1472	哈佛H8
1473	DS 5LS
1475	X3
1476	X4车型
1477	DS 4S
1479	C Coupe GTE
1480	奔驰S鳄鱼
1481	福特嘉年华
1482	标致108
1484	卡罗拉双擎
1485	风雪铁龙C4世嘉
1486	动态平衡
1487	ats-l
1489	桑纳塔
1490	途观国产
1491	布加迪威航
1492	宝马MINI Cooper
1493	奔驰CLK280
1494	丰田兰德酷路泽
1495	雷克萨斯LS430
1496	奔驰小跑
1497	宝马X5
1498	导航
1499	比速M3
1500	幻速
1501	道达
1502	比速
1503	维特拉
1504	特维拉
1505	起亚K2
1506	东风悦达起亚-K2
1507	K2
1508	Xfinity
1509	保时捷919 HYBRID
1510	XM Concept
1511	长安福特福睿斯
1512	PoLo
1514	传祺GS4
1515	索兰托
1516	YARiS L致炫
1517	淩渡
1518	瑞风
1519	金色帕萨特
1520	内涵
1523	北汽绅宝
1524	昂科
1525	帝豪gs
1526	上海大众斯柯达野帝
1527	上海大众途观
1528	威朗轿跑
1529	大众CUV
1530	猎豹-CS10
1531	起亚-KX3
1532	林肯-MKC
1533	林肯 MKX
1534	沃尔沃-XC60
1535	讴歌-MDX
1536	逸动XT
1539	C3-XR
1540	东风悦达起亚KX3
1541	起亚KX3
1542	东风日产逍客
1543	长安铃木维特拉
1544	VITARA
1545	雷诺卡缤
1546	福特翼博
1547	铃木维特拉
1548	日产楼兰
1549	凌耀
1550	本田冠道
1551	广汽本田冠道
1552	冠道
1553	现代悦纳
1554	悦纳
1555	Verna
1556	荣威E550
1557	本田缤智
1558	铃木锋驭
1559	C3- XR
1560	北京现代ix25
1561	CT6
1562	广汽丰田
1563	丰田C-HR
1564	C-HR
1565	卫士
1566	夏利N3
1568	panamera
1569	911
1570	博克斯特Boxster
1571	卡曼cayman
1572	奥迪A6L e-tron
1574	DB7
1575	捷豹XK8
1576	CDX
1577	雪佛兰景程
1578	桑塔纳•浩纳
1579	SANTANA
1580	大众斯柯达速派
1581	大众POLOGTI
1582	POLO GTI
1584	上汽大众 POLO
1587	上汽大众朗境
1588	Powershift
1589	星耀
1590	吉利帝豪GS
1591	奥迪A8L
1592	菲克
1593	陆风X7
1595	本田艾力绅
1596	艾力绅
1597	丰田埃尔法
1598	日产贵士
1599	大众途安L
1600	小帕
1601	菲亚特菲翔
1603	哈弗H6 Coupe
1604	大迈X7
1609	优惠
1610	郑州日产皮卡
1611	三菱EVO
1612	本田雅阁
1613	奥迪80
1614	奥迪90
1615	比亚迪唐
1616	丰田LC76
1617	GLC
1618	雷克萨斯NX
1620	大奔
1621	凯迪拉克Atsl
1622	a6
1623	比蒙迪
1624	帝豪ec8
1625	EC8
1626	奇瑞艾瑞泽5
1627	K50S
1629	小4
1630	小a
1632	高尔夫7代
1633	国产雅阁
1634	奔驰A级
1636	别克君威
1639	华晨中华
1640	本田Crv
1641	日产新天籁
1643	众锐
1644	通用汽车
1645	rav
1646	大众4S店
1647	宝沃
1648	本田B50
1649	H2
1650	MG
1651	哈弗H5
1652	KX5
1653	讴歌CDX
1655	上汽大众途安
1656	宝马320LI
1657	HRV
1658	讴歌MDX
1659	高尔
1660	ABB
1661	速腾R-Line
1662	阿兰
1665	众泰z700
1666	索纳塔9
1667	索纳塔8
1668	吉利博瑞
1669	cc
1670	途安l
1671	307
1672	志炫
1673	蓝鸟
1674	Z700
1675	金刚
1677	雷诺Duster
1678	Terrano
1679	Haldex
1680	XC60
1681	卡宾
1682	Kadjar
1683	Capture
1684	Captur
1685	天津一汽夏利N5
1686	荣威550
1687	天津一汽威乐
1688	Gran Lavida FL
1689	New Lavida FL
1690	特斯拉Model S
1691	道达V8
1692	小嘉
1693	比亚迪F3
1694	一汽丰田卡罗拉
1695	威乐
1696	捷达2002CiX
1697	起亚K3
1698	丰田GT86
1699	丰田威驰
1702	蒙迪欧Ecoboost
1703	瑞风S3
1705	北京奔驰GLK
1706	宝马x6
1707	克莱斯勒道奇酷威
1708	别克新凯越
1709	东风标致新408
1710	凯泽西
1711	雷斯特
1712	上海大众新朗逸
1713	风云2
1714	北汽新能源
1715	道奇酷威
1716	长安福特翼博
1717	长安福特翼虎
1718	凯翼
1719	广汽三菱劲炫
1720	酷锐SX4
1721	大众途安途安L
1722	长安福特福克斯
1723	上海大众斯柯达昊锐
1724	上海大众帕萨特
1725	上海通用别克昂科拉
1726	奥迪SQ5
1727	长安福特蒙迪欧
1728	长安铃木天语
1729	广汽丰田凯美瑞
1730	长安长安cs35
1731	福特嘉年华ST
1732	广汽丰田汉兰达
1733	东风日产蓝鸟
1734	东风悦达起亚k3
1735	上海大众捷达
1736	奔驰新E级
1737	长安cs35
1738	东风日产轩逸
1739	哈飞
1740	长安马自达3
1741	上海通用别克英朗
1742	天津一汽威志V2
1743	长安福特新蒙迪欧
1744	一汽海马
1745	长安福特翼搏
1746	现代胜达
1747	东风悦达起亚智跑
1748	现代飞思
1749	宝马五系
1750	上海通用别克君越
1751	圣达菲
1752	东风日产骐达
1753	全顺
1754	斯巴鲁XV
1755	上海大众斯科达明锐
1756	起亚赛拉图
1757	长安福特新福克斯
1758	一汽大众速腾
1759	F-150
1760	长安铃木雨燕
1761	北京奔驰C180
1762	起亚k3
1763	东风日产天籁公爵
1764	沃尔沃S60
1765	上海大众斯柯达明锐
1766	上海通用别克凯越
1767	起亚福瑞迪
1768	昌河铃木北斗星
1769	丰田凯美瑞
1770	NewSuperb
1772	小四
1775	ravV
1776	欧宝Corsa
1777	雷诺大风景
1778	昂科威很
1779	奔驰C200L
1780	宝马320
1781	捷豹XF
1782	派力奥
1783	理念S1
1784	进口讴歌RL
1785	途威
1786	帕萨特330
1787	一汽-大众迈腾
1788	一汽丰田凯美瑞
1789	萨帕特
1791	k3s
1792	福克斯两厢
1793	CROSSPOLO
1794	途安L3
1795	嘉旅
1796	熊猫
1797	奇云
1798	经典
1799	Eos
1800	宝马2系
1801	奥迪50
1802	马自达8
1803	马自达RX-8
1804	雪铁龙C4L
1806	奔驰E400
1807	九代雅阁
1808	佳美
1809	雷克萨斯ES
1810	E200L
1811	A6
1812	FIT
1814	威志V5
1815	黄海
1816	Roadster
1817	大五
1818	憾路者
1820	佳乐
1821	华晨3系
1822	北京C级
1823	一汽A4
1824	千里马
1826	clubman
1827	比捷
1828	悍马
1829	东风小康V27
1830	i30
1831	王子
1832	猛禽
1833	罗兰加洛斯
1834	派喜
1836	陆风x7
1837	jeep自由光
1838	哈弗h8
1839	铃木维
1840	T70
1841	越野车
1842	e300进口
1843	揽胜运动版
1845	GLE400
1846	日系车
1847	350
1848	一汽森雅
1849	7系
1850	长城越野
1851	玛驰
1852	福特老嘉年华
1853	毕加索
1855	GLK
1856	宝马525
1857	骊威
1859	马3
1860	ML
1861	宝马5系L
1862	G37
1863	红旗H7
1864	宝马GT535
1865	优劲
1866	旗云2
1867	风云
1868	蓝瑟
1869	朗朗
1870	东风小康
1871	神龙PSV
1872	小马儿
1873	油耗
1874	TT
1875	马儿
1876	广汽
1877	世代
1878	奔驰glk300
1879	昂科雷
1880	三胖
1881	桑塔那
1882	A8
1884	M6
1885	宝马328
1886	ECO
1888	罗孚75
1889	荣威750
1890	sx7
1891	M2
1892	乐风
1893	奔驰三叉星徽
1894	东南希旺
1895	风行
1896	德系
1898	雷克萨斯RX270
1899	加长5系
1900	实马
1901	帕美
1903	ssss
1904	手动R50X
1905	德国人
1906	honda civic hybrid
1907	普锐斯
1908	小三
1909	ES
1910	君威gs
1912	法拉利488
1914	奔驰AMG
1915	A4L
1917	日产帅客
1918	五菱宏光S
1919	东风风行S500
1920	路特斯
1921	奔驰GLK
1922	郎境
1924	Q70L
1925	北汽威望
1926	Macan
1927	窝窝
1928	国产途观
1929	cla
1930	路宝
1931	V07S
1932	福瑞迪
1933	羚羊
1934	开瑞
1935	威旺M30
1936	奔驰cla
1937	mkz
1938	丰田2ZR
1939	东风风行
1940	福莱尔
1941	天语两厢
1942	幻速系列
1943	q5
1944	qx50
1945	陆巡
1946	长城C30PK
1947	CROOSS
1949	M7
1950	质量
1951	启程
1952	s6/7
1953	小逸
1955	索八
1956	QQ乐驰
1957	小R
1958	保时捷小跑
1959	四系
1960	m7
1961	老A6
1962	小七
1963	雅力士
1964	大维
1965	小理
1966	Q50
1967	小丽
1968	荣光之光
1969	LG8
1972	笨笨
1973	赛欧3
1974	浪迪
1975	开瑞K50
1977	m20
1978	30
1979	evo
1980	翼神
1981	x5
1982	SLK
1983	BMW320
1984	C4
1985	第8代思域
1986	杰德
1988	T5
1989	丰田BB
1990	酷熊
1991	日产cube
1992	本田spike
1993	奔驰CLS
1994	宝马GT
1995	奥迪A7
1996	小6
1997	大龅牙
1998	炫丽
1999	奔驰S系
2000	思迪
2001	V8
2002	323
2003	和悦
2004	A1
2005	大切诺基
2006	方向
2007	小科
2008	探险者
2009	tesla
2010	i3
2011	X7
2012	小2
2013	思铭
2014	奔驰C
2015	福瑞
2016	尚锐
2017	菁锐
2018	五系
2019	小八
2020	GT
2021	525豪华
2022	320风尚
2023	小霸王
2024	松花江5型
2025	G63 AMG
2026	2。0
2027	高尔夫七
2028	2008
2029	狮子
2030	景程
2032	K17
2033	和悦RS
2034	蒙丢丢
2035	秦
2036	S7
2037	老马
2038	发现四
2039	makan
2040	荣光
2041	is250
2042	ES300H
2043	东风v29
2044	柴油索兰托
2045	金牛星
2046	BYDF3高配
2047	风2
2048	三菱ASX
2049	小E
2050	cvt
2052	青年莲花
2053	xf
2054	小迈
2055	致胜
2056	A3 Sportback
2057	x6
2058	LEXUS
2059	大科
2060	C30
2061	M3
2062	索九
2063	37豪运
2064	BWM135
2065	凯迪拉克ats
2066	奔驰c200L
2067	k50
2068	后备箱
2069	Es350
2070	奇瑞拉
2071	bba
2073	噪音
2074	雪佛兰迈锐宝xl
2075	大众新夏朗
2076	斯威
2077	长安CX70
2078	风光580
2079	华晨鑫源
2080	启辰T70
2081	雷诺日产
2082	科雷傲
2083	奔腾B70
2084	萨博
2085	X65
2086	奔腾X80
2087	日产东风风度MX5
2088	东风风度MX5
2089	KODIA
2090	大众Tiguan
2091	西雅特Ateca
2092	东风标致4008
2093	奥迪Sport
2094	宝马5系Li
2095	雪铁龙c3-xr
2096	翼博
2097	名爵MG3
2098	江铃驭胜
2099	驭胜S350
2100	江淮瑞风
2101	瑞风M3
2102	Cayenne
2103	途睿欧
2104	别克GL8
2105	金杯阁瑞斯丰田
2106	江淮瑞风M5
2107	福特途睿欧
2108	瑞风M5
2109	金杯阁瑞斯
2110	君越30H
2111	凯迪拉克CT6PHEV
2112	雪佛兰迈锐宝XL
2113	奔驰C350e
2114	道奇Charger
2115	潍柴亚星
2116	迈巴赫S级
2117	CIVIC
2118	SPIRIOR
2119	道奇Charger R/T
2120	TIGUAN
2121	纳智捷锐3
2122	道奇Charger Pursuit
2123	众高尔夫 GTI
2124	大众从高尔夫
2125	高尔夫 GTI
2126	雪佛兰Suburban
2127	福特Crown
2128	Crown Victoria
2129	雪佛兰Impala
2130	雪佛兰黑斑羚
2131	Impala
2132	福特金牛座
2133	大众T3 Transporter
2134	大众T3
2135	道奇Charger Pursuit
2136	梅赛德斯-奔驰GLC43 Coupe
2137	宝马X4
2138	i Peformance
2139	GS8
2141	GA3S
2142	福特F550
2143	传祺GS8
2144	BMW 2系
2145	cx20
2146	现代途胜
2147	北汽幻速H3
2149	东风标致308S
2150	起亚新KX3
2151	李尔
2152	凌特
2153	宝马mini
2154	福特Crown Victoria Police Interceptor
2155	Crown Victoria Police Interceptor
2157	帕萨
2158	科沃兹
2159	SX6
2160	大众T3 Transporter
2161	奥迪A1
2162	GOLF R
2163	MQB
2164	T3
2165	道奇Charger R/T
2166	Crown Victoria Police Interceptor
2167	大众Amarok
2168	悦达起亚
2169	力帆迈威
2170	宾利添越Mulliner
2171	添越Mulliner
2172	长安悦翔V7
2173	哈弗H2
2174	长安铃木奥拓
2175	Genesis G70
2176	现代New York
2177	上汽通用雪佛兰
2178	华晨中华V3
2179	长马
2180	GS4 PHEV
2181	神龙
2182	帅铃T6
2183	汉腾
2184	东风本田竞瑞
2185	林肯领袖一号
2186	Kodiaq
2187	领袖一号
2188	梅赛德斯-奔驰GLS级
2189	奔驰GLS450
2190	凯迪拉克凯雷德
2191	GLS450
2192	广汽传祺GA6
2193	韵致
2194	沃尔沃S80L
2195	保时捷718 Cayman S
2197	718 Cayman
2198	718 Cayman S
2199	保时捷911 Turbo
2200	保时捷Cayman GT4
2201	捷豹F-Type
2202	Cayman GT4
2203	BMW M2
2204	Cayman
2205	保时捷Cayman
2206	F-Type
2207	江淮瑞风s3
2208	GL
2209	宋
2210	gs4
2211	阿尔法·罗密欧
2212	东风标致2550
2213	高尔夫Sportsvan
2214	CrossGolf
2216	马自达Atenza
2217	马自达5
2219	桑塔纳（尚纳）
2220	桑塔纳（浩纳）
2221	桑塔纳Cross
2222	瑞风S5
2223	哈弗蓝标H2
2224	宝马M2
2225	布加迪Chiron
2226	兰博基尼Huracan
2227	雪佛兰克尔维特Z06
2228	福特野马GT350R
2229	4008
2230	jeep
2231	Volkswagen Polo
2232	TERAMONT
2233	途观L
2234	Crossblue
2235	大众TERAMONT
2236	福特探险者
2237	QX30
2238	英菲尼迪QX30
2239	NSX
2240	本田Concept B
2241	Concept B
2242	i8
2243	竞瑞
2244	本田竞瑞
2245	菲亚特熊猫
2246	Ypsilon
2247	雷诺Clio
2248	福特Fusion
2249	日产聆风
2250	SPORTSPACE
2251	起亚SPORTPACE
2252	欧悦搏官图
2253	续夏朗
2254	MPV
2255	西雅特欧悦搏
2256	Mustang
2257	Mazda3昂克赛拉
2258	一汽-大众奥迪
2259	克莱斯勒铂锐
2260	铂锐
2261	Audi
2262	波尔舍
2263	五菱兴旺
2264	凌渡 GTS
2265	东风本田Gienia
2266	Gienia
2267	宝马316Li
2268	陆虎
2269	陆虎揽胜
2270	Range Rover
2271	康明斯
2272	戴姆勒克莱斯勒
2273	戴姆勒-克莱斯勒
2274	梅赛德斯-奔驰卡车
2275	奥迪Q8
2276	兰博基尼Urus
2277	丰田-兰德克路碴
2278	Land Cruiser Prado
2279	Prado
2280	夏利2000
2281	DX7
2282	广汽传祺GS8
2283	V60 Polestar
2284	S90
2285	S60
2286	奥迪RS Q3
2287	北京BJ20
2288	宝马M4 GTS
2289	M4GTS
2290	BMW 7
2291	德国宝马
2292	东南DX3
2293	启辰T90
2294	瑞虎3X
2295	哈弗H1
2296	雷克萨斯LX570
2297	雷克萨斯凌志LX570
2298	福特E450
2299	迈腾b8
2300	君威GS
2301	中国一汽
2303	三菱汽车
2304	起亚Novo
2305	Novo
2306	丰田塞纳
2307	Hybrid
2308	预售价区间
2309	GA8
2310	BMW i
2311	过MINI E
2312	1系Active e(E82)
2313	BMW VISION NEXT 100
2314	BMW i NEXT
2315	X5 xDrive40e
2316	740Le
2317	BMW iPerformance
2318	X1 xDrive25Le
2319	东风日产·启辰
2320	i5
2321	i NEXT
2323	携手江铃
2324	长安马自达车
2325	Tiguan Sport
2327	Tiguan R-Line
2328	Tiguan Sport
2329	Prologue概念车
2330	奥迪A9
2331	single frame
2332	比速T3
2334	北汽新能源EV160
2335	EV160
2336	福特F150
2338	F150
2339	北京现代汽车
2340	比亚迪K6
2341	比亚迪纯电动巴士
2342	K6
2344	K8
2345	K7
2346	C9
2347	速派凌厉
2348	风神a60
2349	k2
2350	幻速H2
2351	起亚秀尔
2352	福特汽车
2353	宝来R
2354	现代汽车
2355	梅赛德斯-奔驰GL450
2356	江淮iEV6E
2357	江淮IEV6E
2358	广汽传祺GS4 PHEV
2359	奥迪 A3 e-tron
2360	A3 e-tron
2361	凯迪拉克CT6 PHEV
2362	广汽传祺GA3S PHEV
2363	北京现代悦纳
2364	奥迪拉
2365	福特野马
2366	雷鸟
2367	福特FAB1
2368	福特全顺
2369	LX 570
2370	蓝标H2
2371	自由侠
2372	酷威
2373	大捷龙
2374	亚特菲翔
2375	致悦
2376	广汽菲克
2377	奥迪RS7
2378	富通别克
2379	广本成隆
2380	哈弗H8
2381	吉利熊猫
2382	宝兴行
2383	西玛
2384	雅阁锐
2385	风标致308
2387	coupe
2389	丰田赛纳
2390	海马汽车
2391	一汽大众奥迪
2392	英菲尼迪QX60
2393	迈巴赫Exelero
2394	迈巴赫6
2395	奔驰W194
2396	奔驰-迈巴赫6
2397	奔驰E
2398	通汽
2399	厦门金龙
2400	亚星客车
2401	哈弗汽车
2402	长江逸酷
2403	长江EV
2404	汉能汽车
2405	汉能
2406	汉腾汽车
2407	菲亚特124
2408	日产-雷诺
2409	AvtoVAZ
2410	LADA
2411	Niva
2412	Hyundai
2413	传祺GA8
2414	观致3
2415	日产西玛
2416	天籁终
2417	长安CS95
2418	君越混动
2420	CT6 PHEV
2421	别克君越30H
2423	凯迪拉克CT6 PHEV 插电式混动
2424	宝马530Le
2425	别克蓝
2426	像凯美瑞混动
2427	X5M
2429	丰田双擎
2431	索纳塔九混动
2432	迈锐宝XL混动
2434	i30N
2435	现代i30N
2436	福特福克斯ST
2437	现代i30
2440	菲亚特-克莱斯勒
2442	五菱神车
2443	LX570
2444	奇瑞捷豹路虎
2445	XFL
2446	捷豹XFL
2447	捷豹XFl
2448	发现神行
2449	标致4008
2450	5008
2451	雪佛兰萨博班
2452	萨博班SUBURBAN
2455	宝来Sportline
2456	A5/S5 Sportback
2457	幻速S6
2458	幻速H3F
2459	幻速H6
2460	第九代索纳塔
2461	New York
2462	现代捷恩斯
2463	江淮汽车瑞风
2465	恒悦
2466	JAC
2467	惠众
2468	欧宝迈瑞纳
2469	四皇
2470	阿斯顿·马丁
2471	LC
2472	雷克萨斯LF-LC
2473	FT-1
2474	Avista
2475	Asterion
2476	Coupé
2477	保时捷 macan
2478	macan
2479	奔驰 smart
2480	宾利飞驰
2481	福特猛禽F150
2482	保时捷panamera
2483	日产GTR
2484	英菲尼迪Q50
2485	奔奔MINI
2486	RX
2487	瑞虎7
2488	SX4 S-Cross
2489	铃木SX4 S-Cross
2490	凯迪拉克LTS
2491	奔驰S
2492	LTS
2493	长安睿骋
2494	凯越xt
2495	英朗gt
2496	225xe
2497	330e
2498	740e
2499	宝马 S 1000 RR
2500	宝马S 1000 RR
2501	宝马S1000RR
2502	起亚 K5
2503	林肯新Continental
2504	GOLF GTI
2505	500
2506	500X
2507	MINICooper
2508	CLA
2509	GLS
2510	马自达3 昂克赛拉
2511	东风风光
2512	乔治巴顿
2513	GMC
2514	leaf
2515	MKZ
2516	凯迪拉克总统一号
2517	Mark VIII
2518	林肯Mark VIII
2519	林肯Continental
2520	Continental
2522	PHEV
2523	凯迪拉克PHEV
2524	黑色丰田Corolla四门轿车
2525	黑色日产Infinity G-35四门轿车
2526	丰田Corolla
2527	QX50
2528	宝马GS
2529	哈雷
2530	东风风光580
2531	BX7
2532	菲亚特克莱斯勒
2533	玛莎拉蒂GranTurismo S
2534	玛莎拉蒂GranCabrio
2535	玛莎拉蒂MC Stradale
2536	玛莎拉蒂GranCabrio Novitec
2537	TRIDENTE
2538	玛莎拉蒂GranTurismo MC Stradale
2539	玛莎拉蒂 蒂波151
2540	玛莎拉蒂Birdcage
2541	玛莎拉蒂MC12科萨
2542	玛莎拉蒂MC12
2543	雪佛兰科迈罗
2544	MISTRA名图
2545	清远泰翔北京现代名图
2546	一汽大众CC
2547	捷豹 F-PACE
2548	保时捷 Macan
2549	F-PACE S
2550	F-PACE
2551	宝马740Le
2552	威朗三厢
2553	GM8
2554	广汽吉奥
2555	长安cs75
2556	三菱i-MiEV
2557	雷诺Zoes
2558	Cxperience
2560	奥迪A3e-tron
2561	瑞风s3
2562	北汽幻速H3F
2563	福克斯ST
2564	起亚Forte
2565	Forte
2566	捷达王
2567	致尚XT
2568	悦翔V3
2570	宝马467M
2571	哈弗h2
2573	波斯米亚
2574	奔驰SLC
2576	雪佛兰沃蓝达
2577	日产Leaf
2578	丰田普锐斯
2579	雪佛兰BOLT
2580	大众C Coupe GTE
2581	宝马740LexDrive
2582	M5
2583	北京德奥达
2584	本田思铂睿
2585	奔驰CLA
2586	比亚迪M6
2587	Fiesta嘉年华
2588	Corsa雅鹿
2589	梅赛德斯·奔驰
2590	C88
2591	FCC
2592	奥迪RS2
2593	森雅R7
2594	起亚律动
2595	东风标致508
2596	301
2597	途胜Tucson
2598	Maserati 250F
2599	156 F1
2600	福特锐界V6
2601	广汽传祺GA8
2602	华泰汽车
2603	iEV230
2604	XEV260
2605	PrologueAllroad
2606	A6Allroad
2608	保时捷718
2609	凯迪拉克srx
2610	凯迪拉克SRX
2611	Q6
2612	东风1号
2613	猎豹汽车
2614	RSQ
2615	奥迪a4
